filename,raga,rmse,chroma_stft,spec_cent,spec_bw,mfcc0,mfcc1,mfcc2,mfcc3,mfcc4,mfcc5,mfcc6,mfcc7,mfcc8,mfcc9,mfcc10,mfcc11,mfcc12,mfcc13,mfcc14,mfcc15,mfcc16,mfcc17,mfcc18
Ashwath Narayanan - Thillana Purnachandrika.mp3,Pūrṇacandrika,0.027705954,0.31040844,1922.568723830501,2197.412128585444,-287.41516,105.58573,-2.4728754,6.523668,-17.870808,7.114585,-25.492115,-7.6118484,-7.40136,-10.722024,-6.958716,-1.3519498,-12.96551,0.3370941,-6.5635195,-8.995296,-5.429917,1.1662364,-8.264988
Ashwath Narayanan - Angakaram.mp3,Suraṭi,0.026571,0.2595476,1833.3085887914483,2105.9242767047267,-320.1214,97.59798,-5.4189944,7.8990765,-14.629797,4.164872,-21.840168,-8.757792,-10.163009,-8.89337,-6.093251,-5.2586017,-12.188825,-3.669721,-3.633722,-7.764852,-6.4496202,1.7535439,-7.7695117
Ashwath Narayanan - Samajavarada.mp3,Śudda sāvēri,0.031727385,0.28884926,1857.0496059855002,2129.8986557266985,-280.87756,106.73021,-9.069327,2.0196946,-18.973269,3.0964932,-24.232698,-8.398088,-9.3445425,-5.9698377,-4.466263,-3.1856072,-13.0405445,-1.8308625,-6.6994867,-6.783885,-4.565683,1.9530075,-10.174519
Ashwath Narayanan - Evarura.mp3,Mōhanaṁ,0.01798519,0.25876975,1816.0638809684388,1953.1912377429055,-375.37866,90.77818,-16.254135,2.7539005,-18.004452,2.7996845,-20.525503,-11.630367,-9.166978,-8.543011,-9.86123,-4.740694,-7.447841,-2.7229142,-3.2414222,-3.2238002,-2.3460498,1.9640964,-3.151111
Ashwath Narayanan - Eranapai.mp3,Tōḍi,0.02650139,0.2966698,1982.6988874655804,2184.9116337537343,-292.32886,98.212135,-10.672668,8.702399,-17.468561,1.8158542,-27.890099,-7.5224476,-7.528366,-11.2015295,-6.0755033,-0.7946638,-13.134461,-0.78151274,-6.5726357,-7.6474247,-6.3209577,1.6414492,-12.696192
Ashwath Narayanan - Parama Purusham.mp3,Lalita pancamaṁ,0.023327338,0.27068844,1832.1503894594675,2100.7624690538723,-322.2244,102.895134,-8.115531,9.637228,-14.146027,4.5659037,-23.406706,-7.2588415,-11.814808,-10.6779585,-5.522904,-2.8983655,-10.881686,-2.176978,-4.8564095,-6.740852,-5.477484,2.190719,-7.329797
Ashwath Narayanan - Marubari.mp3,Kamās,0.025533581,0.23968406,2047.194222583444,2184.0474441672377,-323.75757,83.7584,-11.188357,8.332791,-20.675684,5.0054116,-23.725536,-7.5627933,-8.31445,-5.6120157,-9.0210705,-5.6230736,-13.271347,-3.1095626,-3.4407763,-8.194249,-3.4096372,0.60970044,-8.34325
Ashwath Narayanan - Aparadhamula.mp3,Latāngi,0.019619275,0.247097,1824.6058259220179,2002.6154109316406,-367.67618,88.83605,-17.511364,2.6840131,-14.758117,0.5333399,-20.436335,-10.9406395,-10.394269,-10.700517,-9.196778,-2.2291245,-8.561833,-5.4206967,-4.205359,-4.318941,-2.9169972,3.857619,-4.051034
Ashwath Narayanan - Sadabalarupapi Shlokam.mp3,Hamsadhvani,0.013298949,0.25996262,1091.7710038244263,1319.0165976828484,-443.97284,137.10487,-20.895817,30.26647,-2.2975647,9.160822,-2.853241,-6.616249,-4.4586205,-4.9903617,-13.734027,-11.753418,1.4336686,-8.880657,-2.238039,-4.1231494,-7.0911484,-5.944199,-3.8291342
Vignesh Ishwar - Hiranmayeem Lakshmeem.mp3,Lalita,0.036450267,0.25545606,1652.955827185635,1715.0254553948046,-286.54974,115.43322,-46.839054,-2.2983966,-7.4267154,-8.618834,-9.519786,-12.6938095,-10.988234,0.6112096,-12.209005,-1.6736071,-2.9453495,-7.776586,-7.1515083,3.0120325,-12.071727,-0.30781537,-6.8989487
Vignesh Ishwar - Niraimadi Mugam Thiruppugazh.mp3,Haṁsānandi,0.06690843,0.27711576,1726.9195684893027,1743.779558587022,-196.89442,118.0138,-50.765743,0.402161,-11.808584,-3.9250507,-15.577808,-9.046585,-15.403177,-0.4144978,-7.7541046,-0.3454,-4.384378,-4.7701406,-9.401683,-0.5620264,-10.737646,0.19675559,-3.8050845
Vignesh Ishwar - Evvari Bodhana.mp3,Ābhōgi,0.051877648,0.29525387,1884.2837344000486,1834.1397382777748,-224.30208,105.25207,-50.608006,6.488637,-11.426369,-6.956088,-17.315258,-14.893788,-18.083878,2.9770265,-9.816856,-0.8451947,-1.1408762,-3.2418025,-7.344807,3.9467797,-15.225166,-1.9160767,-3.4095285
Vignesh Ishwar - Sanchara Dhadhara.mp3,Rāgamālika,0.050033182,0.2728297,1279.03892282118,1310.1754678240989,-267.93265,144.15639,-37.57424,1.2488712,-14.639415,-0.022110768,-13.951443,-1.0199023,-12.179827,-11.09528,-4.727838,-6.2500653,-1.9253582,-4.0188107,1.3895198,-6.91708,1.867471,-1.0759082,-7.0720196
Vignesh Ishwar - Lokavana Chatura.mp3,Bēgaḍa,0.04040328,0.24555765,1776.6709926363503,1660.504372876184,-287.69623,96.48433,-57.050972,-8.711662,-20.754583,-14.533409,-10.120583,-10.8816,-12.069733,-0.5265337,-6.3629594,0.12792084,-1.2528208,-3.2102878,-4.022794,-3.0479152,-8.233292,-0.36795005,-1.8665766
Vignesh Ishwar - Idhuthaano Thillai Sthalam.mp3,Behāg,0.046026893,0.25312546,1603.0699260872727,1661.6312522695214,-270.229,116.323494,-46.584335,-0.6446519,-11.429626,-9.922927,-11.505516,-11.434964,-12.906818,-3.893745,-6.837806,-1.3207647,-3.4690316,-4.3261356,-5.069205,-1.7972203,-10.364371,-0.5751897,-6.211523
Vignesh Ishwar - Amba Kamakshi.mp3,Bhairavi,0.03858777,0.26165298,1651.010911304774,1630.354997665264,-303.3614,104.07319,-46.428955,-10.0475235,-9.795793,-12.31259,-9.713511,-10.539905,-9.733058,1.1641971,-2.9344473,1.4121112,-0.5144443,-3.5803938,-3.90716,-4.347261,-8.31109,-1.6328466,-5.723777
Vignesh Ishwar - Vitthala Salaho Swamy.mp3,Dēś,0.057838615,0.2622838,1512.838484044844,1611.0268179952886,-252.87581,124.635864,-43.089577,-3.9568367,-8.959677,-7.838019,-10.201803,-12.601621,-13.200902,-0.99936414,-3.6440618,-0.09356067,-4.203737,-7.469208,-5.9572835,-0.52628183,-10.887794,-3.4638104,-6.2392178
Vignesh Ishwar - Pavamana Suthudu Mangalam.mp3,Saurāṣtraṁ,0.06188592,0.280273,1729.9222292514241,1742.023101931459,-214.10695,115.577736,-51.336346,-1.1606808,-12.163826,-8.869235,-14.886118,-7.279801,-14.94853,1.8867165,-6.466669,-0.4895551,-4.461728,-2.8870575,-7.5362945,-2.4558232,-12.262575,-1.79239,-6.4097323
Vignesh Ishwar - Karuna Ela Gante.mp3,Varāḷi,0.057912897,0.2573034,1862.9486421539361,1758.4165136410184,-216.65094,105.73369,-54.45026,2.112759,-14.934662,-5.360069,-9.658012,-10.5358305,-16.526081,0.42522654,-5.8153915,1.4379051,0.7874716,-1.7081864,-8.254064,-1.1660295,-10.381376,-1.0143355,-4.263786
Vignesh Ishwar - Gopanandana.mp3,Bhūṣāvaḷi,0.059968963,0.3079035,1176.102041295875,1161.6714072790894,-239.54834,165.13603,-43.51702,8.650457,-17.249065,2.890496,-12.29304,-2.5509014,-3.1219242,-17.805695,-2.1842873,-11.005695,-2.992105,-4.977098,4.4584,0.71425575,-9.447758,2.7803843,0.9780674
Sanjay Subrahmanyan - Entara Nitana.mp3,Harikāmbhōji,0.02345856,0.2523655,1728.681502305746,1920.6435653069034,-332.83466,102.33536,-16.825836,14.396595,-6.7138066,3.8066554,-12.0848465,-11.944483,-7.335859,-9.507687,0.98823243,1.3645352,-7.5773544,1.8624748,-3.3889625,-8.930577,-3.330387,1.3318845,-2.676033
Sanjay Subrahmanyan - Teerthakarayinile.mp3,Kamās,0.019370763,0.2167558,1787.245853873584,1992.8693477036331,-386.4098,91.56527,-18.023884,13.00127,-15.760701,2.0390584,-16.389616,-13.991608,-8.367054,-18.074385,-2.8862276,-1.0494899,-9.175539,-0.38969174,-3.8662379,-5.849953,1.0100006,-1.4358014,-5.763799
Sanjay Subrahmanyan - Thillana Dhanashri.mp3,Dhanaśrī,0.03157493,0.3242329,1762.3616573754794,2088.4472377226716,-260.80927,115.90564,-11.796694,19.883091,-7.5681477,12.233808,-10.25219,-7.0414643,-3.0732424,-6.1674075,-0.6871256,5.0891337,-11.214983,-0.22899693,-6.1038013,-6.7975965,-8.007303,-1.53156,-7.9270177
Sanjay Subrahmanyan - Ozhukkam Uyirinum.mp3,Kuntalavarāḷi,0.03017697,0.26522338,1574.3732983764567,1978.4699771441021,-309.28644,117.854774,-4.2127233,20.134535,-4.0123653,10.499073,-6.990066,-5.537266,-3.006454,-10.193121,-0.8716707,1.563705,-8.027996,1.7875562,-6.0779777,-6.9684186,-2.6411948,-0.52862215,-5.03333
Sanjay Subrahmanyan - Undan Paada Pankayam.mp3,Śankarābharaṇaṁ,0.031643685,0.28882182,1587.9618574076947,1958.1715650958834,-280.73126,123.903854,-12.324679,20.146313,-4.6467547,8.185436,-10.528855,-11.474665,-5.1393504,-11.412224,-0.64372414,3.9763443,-10.1253605,1.2026204,-6.338374,-6.145257,-6.56691,1.6268297,-2.474905
Sanjay Subrahmanyan - Raagam Thaanam Pallavi.mp3,Kāpi,0.01819862,0.2668381,1671.6586860401192,1904.9921182447583,-362.0668,103.28331,-13.511778,12.313339,-3.9448698,4.0256042,-9.100462,-11.357004,-7.374277,-9.247042,0.70234585,0.666819,-6.983273,-0.13945937,-4.375764,-6.483748,-1.7275453,1.6412625,-1.3874627
Sanjay Subrahmanyan - Pavamana Suthudu.mp3,Saurāṣtraṁ,0.025700895,0.3526903,1815.833157664512,2103.463052951954,-290.21558,111.56654,-13.704064,19.45298,-7.16758,12.9724045,-9.252743,-4.5170236,-4.0282073,-6.354933,-0.044679824,3.3544261,-11.010679,2.473944,-7.1196947,-5.4898663,-8.068852,-2.2235713,-8.164385
Sanjay Subrahmanyan - Kamakshi.mp3,Bhairavi,0.023098612,0.26682013,1560.108543021865,1889.9588818591392,-323.46658,120.50472,-13.041741,20.480705,-2.9506462,9.9525,-8.678028,-10.189094,-4.4457593,-9.003214,-0.28103763,1.6973029,-8.737853,-1.9965519,-6.4921894,-7.9935865,-3.8746848,-0.9690305,-3.3360693
Sanjay Subrahmanyan - Soundararajam.mp3,Bṛndāvana sāranga,0.025319811,0.2465589,1609.2692877676914,1936.4071650674903,-318.67633,117.2818,-13.076578,20.995144,-7.4848056,11.557008,-9.149615,-9.843633,-6.16643,-9.654689,2.5013218,1.2129616,-11.799302,1.4402786,-5.584249,-7.1561794,-4.620624,-0.6023692,-3.853099
Sanjay Subrahmanyan - Payum Oli Nee Yenakku.mp3,Kamās,0.027695395,0.24522956,1633.7087669752739,2015.2420035105563,-322.73642,110.557274,-6.5374055,23.90448,1.1267959,10.270197,-9.940735,-4.920539,0.774601,-8.9080925,-2.4356174,1.6486431,-7.596174,-0.5742774,-5.3916445,-6.198563,-2.44403,-0.4839395,-7.07747
Sanjay Subrahmanyan - Shatre Vilagi Irum.mp3,Pūrvīkaḷyāṇi,0.025932183,0.28292432,1691.0730179939628,1988.7403145801757,-297.1034,116.68189,-13.733697,18.217161,-6.0473113,8.393881,-11.068524,-10.672699,-6.1199446,-10.737091,-2.2235546,1.4019858,-9.728503,-1.173113,-6.6607237,-7.0927916,-2.7753584,2.3235824,-3.78787
Sanjay Subrahmanyan - Maname Ramanai Paada.mp3,Sindhubhairavi,0.021827454,0.27102476,1624.781853908727,1997.2294350205857,-338.5254,115.325096,-9.539929,24.83676,-0.08754721,13.244968,-5.744751,-3.9234555,-0.9746376,-7.28025,0.6084332,2.850773,-7.646271,1.0043088,-6.151533,-5.6971807,-4.04634,-1.964585,-6.622939
Apparama Bhakti.mp3.mp3,Kāmavardani/Pantuvarāḷi,0.06593659,0.26974845,1491.6761034667047,1448.2011413312068,-234.80057,122.87096,-48.795288,33.430412,-2.4989147,-6.7493844,-20.27548,-4.435526,-19.001215,-5.180956,-11.21985,-10.359278,-0.527321,-13.717978,-1.0056578,-4.115027,-4.0256476,-7.401531,-2.7064936
Manadirkkugandhadu.mp3.mp3,Sindhubhairavi,0.09080126,0.28403267,1362.0156204683265,1432.5560886465917,-198.47862,134.35948,-39.987297,32.25652,1.9437059,-2.5569804,-17.210102,0.054094754,-20.475632,-5.217813,-7.60222,-9.979541,-0.4162501,-12.004782,-7.090338,-4.8985677,-3.4219325,-14.146035,-2.6210897
Koti Janmani.mp3.mp3,Rītigauḷa,0.08593747,0.2849467,2157.184618086916,2076.9618333302624,-167.49359,83.89824,-27.880585,29.078085,-28.110556,-13.736679,-12.055057,-12.738531,-3.5573354,-6.9336596,-8.601576,-7.5342755,-10.459149,0.19183478,-10.193535,3.372913,-4.839396,-1.722209,-2.6693804
Brova Barama.mp3.mp3,Bahudāri,0.10747698,0.3246835,1468.2246082537022,1510.4775541169563,-160.24097,142.01932,-48.072327,45.753143,-10.095347,7.6974673,-16.733887,6.006243,-20.498867,-1.8394883,-7.052147,-7.50735,4.544312,-10.208762,-2.7359016,-6.912007,-2.171077,-12.236213,0.45850232
Shankari Shankuru.mp3.mp3,Sāvēri,0.06168596,0.30123648,1471.9029423665504,1416.6013309609248,-233.37404,125.72381,-45.124718,32.038235,0.49443737,-6.178649,-17.490849,-4.750665,-12.445045,-3.849631,-9.377821,-6.715741,0.9848319,-9.372066,-0.79150337,-3.3806984,-4.606546,-7.55104,-2.7210877
Karunimpa Idi.mp3.mp3,Sahānā,0.07427975,0.33444992,1442.5720876198145,1484.3111693588119,-204.24971,135.28197,-42.511505,37.051605,1.2029377,4.3543186,-15.416344,7.772365,-19.062023,-5.916432,-8.426312,-10.968318,1.5240358,-6.152043,-5.0298557,-5.867112,2.2932463,-12.593041,1.4491869
Pavamana Suthudu Mangalam.mp3.mp3,Saurāṣtraṁ,0.09993759,0.3136777,1386.8209581361568,1452.508270669499,-177.14871,146.42946,-47.01114,40.559383,-5.8468623,8.82978,-19.7915,3.656065,-18.746075,-1.2915362,-5.722319,-6.654498,2.1120336,-10.201478,-0.011431775,-4.97016,-1.5662833,-11.792571,-1.0137095
Geeta Nayakan.mp3.mp3,Rāgamālika,0.09110381,0.27444106,2169.2446228728336,2060.399523804793,-157.02559,84.61215,-31.645477,29.60043,-23.57857,-10.508524,-12.162914,-11.906186,-4.16825,-5.0867352,-10.059619,-7.0010695,-10.490924,1.4581892,-8.925243,3.9657664,-3.0250309,-2.729657,-3.959084
Siddhi Vinayakam.mp3.mp3,Ṣanmukhapriya,0.086715996,0.31642437,1480.8221654194256,1482.5383468115324,-188.66539,136.85797,-48.686996,44.383644,-3.5453308,3.7351012,-19.047302,3.3059773,-19.018044,-4.143108,-9.03498,-9.070276,1.8409215,-9.934322,-2.5416608,-6.7440286,-2.210878,-12.286358,0.11316054
Thillana Pahadi.mp3.mp3,Pahāḍi,0.09550768,0.28004318,2111.4029337264487,2085.270506585647,-161.13255,86.19232,-25.766924,32.294308,-22.503242,-14.084435,-11.286109,-11.320733,-4.284953,-10.687462,-9.4257145,-6.2289624,-11.111681,-0.05128783,-12.647752,2.3128898,-4.787467,-3.4681773,-1.1493404
Enadhu Manam Kavalai.mp3.mp3,Harikāmbhōji,0.09863828,0.31343633,1384.6952743649813,1531.2279540186726,-187.71887,136.08405,-36.83603,30.411747,3.6130066,3.9330966,-12.455546,-3.1097822,-22.03555,-0.36596057,-12.095542,-3.1747437,-7.7276464,-0.50479686,-7.8122406,-0.8437973,0.44897917,-6.0528216,-1.7493907
Purahara Nandana.mp3.mp3,Hamīr kaḷyaṇi,0.10721574,0.3157487,1402.8657060678186,1545.7898981549677,-167.16145,142.07072,-39.172203,22.2244,-7.349577,5.2093477,-13.747093,-1.0707796,-26.610611,1.2039968,-12.165094,2.39155,-6.346926,2.5922635,-10.952642,0.7589649,0.5025148,-5.1647744,-3.3235242
Nannu Brova Neeku.mp3.mp3,Ābhōgi,0.09814802,0.33430812,1042.6612872924243,1148.619412533307,-205.98265,170.43404,-38.21891,26.234537,4.0689564,14.6559515,-5.654546,2.6268756,0.7740833,-16.080858,-1.4754992,-12.523405,-4.227981,-10.267159,-1.6776526,0.9520665,-9.810204,0.5393375,-1.3440837
Nera Nammiti.mp3.mp3,Rāgamālika,0.08809846,0.32617316,1086.6789309369885,1184.3713374811125,-209.82088,164.70685,-38.31992,22.916857,2.591821,14.092317,-4.163953,4.583313,-0.36408797,-17.379465,0.032698005,-11.630126,-4.7123785,-9.994283,-0.79891926,0.5308434,-12.013541,-0.59636086,-2.62565
Parvathi Ninnu Neranammiti.mp3.mp3,Kalgaḍa,0.10119768,0.29363704,1492.021167968899,1595.5906400490555,-174.44946,131.11401,-40.811985,28.108227,0.1541042,4.167119,-15.673899,-2.8523192,-23.913363,0.4193232,-11.575224,-1.6938096,-7.1566834,2.5296943,-9.823911,-1.8353758,3.235521,-4.4136224,-3.1913075
Geetha Vaadya Natana.mp3.mp3,Nāṭakapriya,0.048135433,0.34066826,1436.6014631637431,1450.6996512812316,-271.16376,123.90244,-32.06322,22.042847,3.8680422,3.5578735,-6.319035,-9.026995,-16.772987,-5.5143585,-8.950717,-4.0553493,-7.6905355,-4.7179136,-7.78238,-2.9496758,-0.7783743,-5.2809324,-2.542153
Sudhaamayee.mp3.mp3,Amṛtavarṣiṇi,0.05300365,0.27891946,2068.4897110754737,1828.3171116333926,-257.1178,78.2906,-40.48537,22.88499,-23.910152,-13.082396,-24.027578,-15.397239,-7.4952316,-8.61438,-8.460265,-6.9622855,-6.4919558,-0.81288296,-8.046025,-6.422795,-0.11625137,-3.5291777,1.5554111
Vanajaksha Ninne Nammiti.mp3.mp3,Behāg,0.10899921,0.2927975,2021.4175341037583,1947.1242792112926,-136.64023,93.993515,-41.152668,21.598846,-22.919796,-11.435461,-20.71807,-10.197218,-3.3890557,-2.6263,-6.5800967,-2.7246363,-7.707665,0.8742073,-8.227544,-7.4760137,-2.0641243,-4.732496,-5.0305004
Jaya Jaya Padmanabhanujese.mp3.mp3,Maṇirangu,0.11422238,0.3078641,1349.2244207811866,1522.785217230589,-169.88094,140.30383,-36.23027,28.981998,1.967303,2.8540158,-11.414432,-3.8018632,-24.371473,1.3128912,-9.816887,0.4496926,-5.2486057,1.8058509,-9.003506,0.56297004,1.08031,-5.4213867,-4.0463824
Devadi Devanukku Jaya Mangalam.mp3.mp3,Suraṭi,0.09648888,0.32332236,1390.0764100644258,1540.8269499228802,-188.78912,138.00807,-40.40812,29.42855,-0.17156963,9.444936,-10.130578,-2.951709,-21.333313,0.16483808,-11.882341,-2.745903,-8.609202,-0.54488903,-10.6838,-2.7512498,-0.09225021,-4.8800964,-4.049784
Kannanai Paadu Maname.mp3.mp3,Kalyāṇi,0.091997534,0.32190314,1052.083995637097,1169.319594642523,-213.58997,164.09283,-37.801796,23.914728,7.051813,19.184425,-1.4976254,2.741764,-1.311427,-17.245796,0.80584717,-10.724194,-4.542725,-8.680801,-2.2644193,0.76635635,-9.243561,-0.07095501,-3.1516519
Paahi Maam Sri.mp3.mp3,Janaranjani,0.06809784,0.31211895,1444.2335344900146,1486.450117779324,-230.49992,128.93573,-37.860413,23.958569,3.9088068,-1.5661592,-9.219079,-5.7296824,-21.543802,-5.9258456,-11.452957,-3.8776338,-5.8056865,-0.82381123,-8.840615,-2.3268433,2.8094337,-4.956456,-2.5834272
Eppadi Manam Thunindhadho.mp3.mp3,Hussēnī,0.0987345,0.2591656,1881.2095880397933,1919.7933303949937,-174.05305,96.31096,-32.593994,25.300196,-22.006735,-13.874028,-21.814552,-12.412524,-2.558779,-6.3955007,-5.3647957,-2.7620792,-7.883069,-0.47544116,-8.775596,-6.454279,-1.0183355,-8.769052,-6.243718
Munnu Ravana.mp3.mp3,Tōḍi,0.09786446,0.34184268,1766.3000711749876,1734.8965887458214,-170.97511,118.90773,-39.958336,33.19094,-3.8319097,0.007117511,-8.989363,7.3976583,-35.698082,13.080676,-6.78903,-2.56916,-1.7151048,-6.443139,-2.789795,1.6588528,-5.4359617,-7.493845,0.45422032
Pranamamyaham Sri Prananatham.mp3.mp3,Ranjani,0.057427377,0.29416192,1731.4199549736943,1608.0234440369002,-250.89265,106.53115,-44.686203,23.414623,5.4243045,-13.380843,-11.447663,-5.310702,-35.338833,4.032141,-9.73558,-7.511263,-2.9574575,-7.507746,-4.716301,-1.6321154,-4.531466,-8.611941,-0.26548043
Ni Ninaindhal Aagadhadhu.mp3.mp3,Jōnpuri,0.07778555,0.29212365,1784.0416172216633,1701.3211421663975,-209.95004,108.89869,-40.747643,37.2745,6.368054,-4.7565265,-6.5608788,4.108983,-35.977734,9.538513,-11.430172,-6.1946526,0.46765915,-6.9283442,-5.11874,-2.0868456,-5.7291102,-7.324089,2.93642
Chandrashekharam Sada Bhajeham.mp3.mp3,Mārgahindōḷaṁ,0.08682374,0.29753345,1825.0144133625388,1767.4518676533553,-190.00203,113.074615,-38.209473,30.252792,-1.9557412,-6.555883,-12.831744,7.659277,-38.978367,11.595017,-9.858714,-4.3306084,-2.1876404,-5.216484,-5.573884,0.17013162,-4.2230377,-7.590933,0.8208991
Sri Jalandara.mp3.mp3,Gaṁbhīra nāṭa,0.08446169,0.32312736,1710.0794482502974,1719.6964985426612,-190.04364,120.189766,-37.410774,33.18806,1.4861988,-4.7926555,-10.82769,4.757763,-35.84438,7.726955,-10.263142,-2.411379,-1.5444,-5.7288938,-7.965791,1.784833,-1.733773,-7.5976744,1.615786
Amba Nilambari.mp3.mp3,Nīlāṁbari,0.062445737,0.276983,1671.0014733722753,1591.5764453996653,-249.29163,115.08858,-45.19483,40.967438,9.428132,-12.59348,-9.02342,4.8585916,-34.300655,9.92282,-11.9539585,-10.271428,-0.33337313,-8.923797,-4.096972,-0.61488086,-3.6790264,-9.002929,0.4695222
Ninnuvina Marigalada.mp3.mp3,Rītigauḷa,0.059380736,0.28000203,1727.8455121084216,1614.0747268234986,-256.6133,103.42698,-43.8243,27.115986,5.732321,-14.096982,-12.065272,-4.6766877,-34.948986,3.7064226,-9.853116,-8.184648,-2.7413716,-7.512139,-5.459705,-1.5021319,-2.962782,-7.2291684,2.013462
Avani Sutha.mp3.mp3,Nādanāmakriya,0.08450454,0.2922816,1691.620186156134,1706.9355112752742,-210.73454,116.00061,-35.13965,39.52614,4.098477,-1.0245818,-10.359797,7.136857,-37.524807,9.401371,-12.719001,-6.371726,1.2504649,-4.8866763,-4.6799827,-0.36869344,-2.86202,-9.825472,2.274878
Rama Neepai.mp3.mp3,Kedāraṁ,0.069994256,0.27053913,1440.1046793164962,1547.0145298872437,-230.62886,130.43211,-38.41361,28.45718,-3.1684165,10.033782,-21.844961,8.523446,-14.675107,-11.197193,-5.0309377,-5.629782,-7.7367096,-5.004954,2.626512,-2.4591377,-0.33123112,-4.923668,-3.0049777
Etulabrotuva.mp3.mp3,Cakravākaṁ,0.08132279,0.2931258,1435.5169963117798,1535.519549080678,-209.06197,130.3224,-38.225418,29.281532,-1.7791725,11.260296,-18.227676,8.367152,-11.249391,-10.039599,-3.0902221,-3.8822305,-4.2223077,-2.4575336,5.193621,-0.4850933,-0.8606346,-5.666345,-3.6919868
Lokavana Chatura.mp3.mp3,Bēgaḍa,0.067262806,0.26870355,1436.7960457049558,1452.3884957882424,-254.6864,116.305084,-39.775543,18.350477,-1.0434613,0.092959136,-16.458683,1.3400445,-9.524061,-10.388812,-1.6243916,-6.7420244,-7.580847,-4.5490723,3.6081188,-0.67913735,-2.7377613,-4.6154757,-3.8058913
Enthavedukonthu Raghava.mp3.mp3,Sarasvatī manōhari,0.10135184,0.29682928,1353.7823742943585,1490.1719602941973,-200.50612,130.0006,-33.491344,33.315197,6.75918,11.090321,-13.533234,10.190485,-8.351123,-6.4692955,0.57722473,-2.2970939,-5.5858984,-4.5863833,4.0312505,-2.1215932,0.063932665,-0.9330695,1.2441139
Koluvamaregatha.mp3.mp3,Tōḍi,0.06667614,0.29385546,1280.4053767492394,1373.0326052326589,-261.81464,122.41816,-26.773493,15.986053,5.7030888,3.2956486,-6.9441233,3.0270503,-7.7562346,-9.428418,-1.4444984,-5.4715214,-5.174168,-2.621838,3.451564,0.58011514,-2.299742,-3.3419154,-4.718169
Neevada Negana.mp3.mp3,Sāranga,0.096050836,0.30334762,1394.8836502825463,1484.7856443430999,-195.69827,133.38338,-40.489365,33.30465,3.428876,9.118409,-17.06866,11.8503,-9.873913,-5.632152,0.15800445,-3.4583695,-7.4294777,-3.419316,5.452591,-0.8464765,0.03027706,-4.791287,-4.0895033
Vara Leela Gana Lola.mp3.mp3,Śankarābharaṇaṁ,0.07405483,0.30033746,1338.4627337093182,1469.7983380491837,-231.26846,129.7953,-31.692974,21.745174,7.3739223,12.465593,-6.8285394,9.8949,-11.191624,-11.127418,-0.4480733,-2.103395,-5.233103,-5.652895,4.9788666,-0.019047908,-3.490772,-5.6264086,-2.095475
Chinnanchiru Kiliye.mp3.mp3,Rāgamālika,0.08221299,0.28470582,1209.1819563787928,1479.7886355828055,-257.32733,124.5836,-17.33259,30.774117,14.718218,11.692372,-14.29197,10.383869,-7.69309,-5.635211,4.19967,-5.951693,-1.7412294,-5.1140895,-1.7159814,-8.313534,-2.186679,-2.7861412,-3.7368126
Pavamana Suttudu Pattu.mp3.mp3,Saurāṣtraṁ,0.09740282,0.30530336,1404.2035115663584,1569.9654263269858,-199.31938,131.41486,-30.58527,33.381466,-3.5891483,14.271542,-15.320988,13.12674,-12.716964,-6.6873074,4.1691275,-6.3336916,-1.333802,-5.8241143,-1.6374918,-10.159058,-3.685192,-7.521314,-3.2665699
Kannallavo Swami.mp3.mp3,Suraṭi,0.07788982,0.28884527,1296.171608316807,1527.5489100389107,-244.42053,129.09395,-22.581497,34.512943,5.927063,11.937089,-17.48678,12.765657,-11.18641,-9.227142,5.262963,-4.864908,-0.22362809,-4.721388,-0.40160343,-8.172916,-2.5638752,-4.912532,-4.4284053
Padavini.mp3.mp3,Sālaga bhairavi,0.08612921,0.32135043,1242.6345880250199,1492.520993470913,-230.36351,130.98566,-15.91446,28.955898,7.055542,12.036591,-10.915654,6.2266307,-6.077474,-6.0811195,2.35611,-1.3104932,-0.06593617,-2.1394677,-1.0157026,-5.739661,-0.13067919,-4.128682,-1.8333784
Vandu Ketpaar Illayo.mp3.mp3,Rāgamālika,0.07064925,0.2612289,1827.6252330911193,2087.8800154099786,-242.5877,91.592125,-11.448736,24.505125,0.2738425,-9.810828,1.5576288,-8.091644,-4.056015,-1.3849949,-15.966623,-2.5520117,-10.408944,-3.3544827,-3.9734392,-0.9429654,-2.2201414,1.8589612,-3.0728028
Ragam Tanam Pallavi.mp3.mp3,Ṣanmukhapriya,0.055332165,0.2811788,1233.957404667496,1375.925247486086,-294.61844,111.69798,-17.868078,12.295305,4.2148824,-0.21911934,-12.519648,-2.4853861,-11.781119,-11.241701,0.19425113,-1.8071799,-3.274348,-5.1585913,-4.7118855,-6.718156,-2.9294035,-5.0108814,-4.8038125
Tillana.mp3.mp3,Dvijāvanti,0.09090237,0.30331823,1211.045826463693,1478.7384722817083,-233.57166,131.37494,-16.57257,29.35176,6.9757442,15.52913,-9.897973,9.496309,-9.630734,-4.413935,6.2875524,-3.8648183,-1.9041759,-5.9962206,-2.0704234,-8.519465,-3.162665,-4.7887244,-1.9094429
Sharanagatha Vatsale.mp3.mp3,Kathanakutūhalaṁ,0.09108097,0.277113,2045.2987352678438,2188.962195721383,-185.39972,90.193634,-16.897762,24.728176,-6.62452,-13.432792,-4.095187,-6.385652,-4.6899323,1.2168849,-15.80627,-1.4139637,-9.854196,-2.1700253,-4.3284993,-2.2783575,-4.3192587,0.29537117,-5.4166355
Hiranmayeem.mp3.mp3,Lalita,0.058219276,0.2343616,1950.1450421825941,1984.7040336211735,-273.28113,72.8973,-27.174492,13.932019,-13.216043,-14.113519,-6.3608346,-8.368989,-3.618861,-1.1534245,-15.0431595,-4.9879475,-7.049224,-3.6228333,-1.8032211,1.803096,4.2580314,6.3453016,-3.1223354
Sanjay Subrahmanyan - Pavamaana Suthudu Pattu.mp3,Saurāṣtraṁ,0.022034416,0.39558595,1800.2966842367107,2115.2417709903893,-294.4673,116.17237,-6.1371818,20.647657,-7.1886663,15.535382,-13.627728,-1.7095838,-1.9737325,-13.293844,-7.2726483,-2.1287417,-10.627861,3.3685749,-4.6942863,1.0462853,-4.7832174,-2.1471035,-4.2417254
Sanjay Subrahmanyan - Maname Kanamum.mp3,Karṇāṭaka dēvagāndhāri,0.023208255,0.36152154,1791.9586675473706,2111.907022896359,-282.03897,116.2483,-7.8794675,20.301361,-9.897341,13.198258,-13.889516,-4.9886174,-2.8343806,-12.517038,-7.4058833,-0.6840241,-11.124682,-0.1583095,-5.3478065,1.2312125,-6.3366547,-1.9869884,-3.991913
Sanjay Subrahmanyan - Ennadu Jootuno.mp3,Kalāvati,0.01417321,0.31010285,1912.6239262758943,2057.4499915259785,-351.79736,104.87074,-16.383682,22.233286,-10.941889,12.039145,-8.833305,-3.7064066,-0.61670864,-12.317267,-5.526521,1.0148175,-5.4369287,0.58078194,-2.9187431,2.024392,-3.3792038,0.2230446,-2.348867
Sanjay Subrahmanyan - Paarengum.mp3,Kalyāṇi,0.018293396,0.3092893,1950.2346255177454,2191.0924182858257,-310.0089,106.62016,-7.2683573,18.538319,-10.300198,13.558677,-14.079261,-2.8501356,-0.26267126,-12.841341,-3.623141,-0.89367074,-9.666272,2.5515356,-3.8473086,-1.1029531,-4.2475185,-1.6032872,-3.118088
Sanjay Subrahmanyan - Saravanabhava Enum.mp3,Ṣanmukhapriya,0.02071631,0.34691763,1935.4553634075899,2194.1428168844513,-289.457,109.33337,-6.929079,18.993393,-9.000849,15.326603,-13.275669,-3.0777273,-0.59141886,-12.498768,-5.800074,1.4043603,-10.871553,0.6092957,-4.7535157,0.17556469,-5.2746096,-2.0746348,-4.043067
Sanjay Subrahmanyan - Karuvutranaal Mudalaaga.mp3,Rāgamālika,0.0072241426,0.25992006,2131.25556496438,2230.142816004177,-419.614,88.77741,-14.096105,11.386853,-6.3538904,15.530537,-8.395318,-5.2214713,-0.7627691,-9.017758,-1.7676634,1.2843186,-4.494839,3.4982855,1.1069901,3.0979362,-0.36826482,-0.47956827,-2.181677
Sanjay Subrahmanyan - Aru marundu.mp3,Kāṁbhōji,0.01452668,0.31924745,1962.4876749099394,2147.5068105394234,-330.91287,104.7993,-10.708568,23.42247,-7.6575933,12.052064,-10.217968,-3.3645568,-0.4136753,-12.443608,-6.7424316,-1.1767491,-4.005624,1.7706563,-2.8885264,1.2239208,-5.749044,-1.2136711,-2.641668
Sanjay Subrahmanyan - Eranapai.mp3,Tōḍi,0.017612189,0.3433479,1959.8562280471167,2182.804690158439,-315.1897,106.99533,-9.122058,21.083427,-10.691676,10.685137,-16.700766,-9.10497,-3.2875009,-14.156493,-6.514067,1.4567491,-11.206585,3.1274788,-5.4240932,-0.8869051,-6.6343265,-1.2596729,-2.9991395
Sanjay Subrahmanyan - Pullum Silambena Kan.mp3,Śankarābharaṇaṁ,0.013842963,0.31247517,1901.0405940964304,2139.197183447987,-341.44385,108.20095,-9.75273,24.283396,-7.5245223,11.148659,-13.484549,-5.4279594,0.5499286,-13.169454,-5.730789,0.34210074,-7.9543896,3.05895,-2.3661094,-1.3710307,-5.055504,0.25488266,-2.1861684
Sanjay Subrahmanyan - Sri Raghuvara Sugunaalaya.mp3,Bhairavi,0.017868293,0.34335974,1915.7111193534547,2173.8233496332314,-303.36337,109.97474,-7.827999,19.476646,-10.045655,11.400264,-13.8805065,-5.3077836,-1.7959989,-11.942469,-6.0228934,0.7152352,-9.141577,1.837407,-2.5733235,1.6209302,-6.83263,-0.16350521,-2.196061
Sanjay Subrahmanyan - Ragam Thanam Pallavi - Shanmukhapriya.mp3,Ṣanmukhapriya,0.011063962,0.287235,1911.7154915016179,2039.4186253277066,-383.04636,102.10737,-17.409336,15.753152,-7.962315,11.90495,-9.342559,-4.545655,-1.2176248,-10.471237,-3.5337644,0.16650313,-4.2488966,1.1758938,-0.68752855,3.573175,-1.7753177,-1.1376011,-3.2704382
Sanjay Subrahmanyan - Sarasadalanayana.mp3,Kamās,0.012977446,0.33649358,1775.5942445783235,1974.122033412481,-368.60153,111.52395,-9.683366,17.770786,-5.5166287,9.258162,-7.929218,-3.094018,-0.10978513,-11.432627,-4.9760265,-1.6408308,-3.719609,2.805023,-1.1638485,0.29745734,-3.231721,-1.6075895,-2.158487
Rama Rama Guna Seema.mp3.mp3,Simhēndra madhyamaṁ,0.04468441,0.294483,1681.802571917282,1764.3521456166989,-289.2108,101.8573,-20.926432,11.869933,-10.142229,-1.0922873,-17.171764,-16.355307,-9.840471,-5.5086403,-8.478016,-3.583614,-1.3403926,-1.235883,-1.2086998,-2.6011398,-6.5393887,1.7793818,-4.9040017
Prathi Vaaram Vaaram.mp3.mp3,Pāḍi,0.053147897,0.26750737,1705.6441991371714,1861.1801745872945,-264.34036,104.1032,-19.26923,20.446606,-18.376438,1.17056,-17.78259,-18.208372,-10.616126,-7.2936707,-6.3693037,-3.760797,-5.365196,-2.0413525,0.42887518,-1.760798,-10.288043,3.4663138,-2.15568
Idhu Thaano Thillai Sthalam.mp3.mp3,Behāg,0.06574206,0.2930512,1774.9794010787357,1927.340152926882,-212.27473,109.51801,-20.417137,25.75309,-14.994781,3.1419508,-18.9212,-16.340086,-8.534134,-7.662293,-9.482289,-2.1548228,-3.5367975,-3.2820046,-3.1390362,-2.6261458,-14.24066,2.12086,-6.541777
Bhuvini Dasudane.mp3.mp3,Śrīranjani,0.07253284,0.33040553,1257.787480193356,1345.4067216663516,-218.34177,149.28464,-35.819515,34.572132,-5.7635217,8.707935,0.40278217,-0.3212747,-12.449935,-9.710762,-5.8433766,-8.695004,-3.8290634,-8.77817,1.5485017,-8.977671,-4.827577,3.3159878,3.5794156
Karuna Nidhi Illalo.mp3.mp3,Tōḍi,0.052506585,0.27266672,1756.529888375319,1820.7131196952967,-259.2448,101.48093,-25.5862,23.4041,-14.613512,-2.260739,-19.78006,-15.885145,-9.494079,-7.5304666,-7.395478,-2.810941,-0.94887197,-2.3067245,0.94071615,0.009755327,-10.402537,0.45173603,-5.049506
Tulasi Bilva.mp3.mp3,Kēdāragauḷa,0.06364673,0.27971107,1694.4369760816385,1854.7444970173347,-227.91925,112.27127,-20.971857,31.406593,-11.722713,0.99108046,-17.347925,-16.75323,-8.327231,-8.528236,-10.908903,-2.5954266,-3.1782637,-2.3166547,-2.7346659,-1.3633671,-13.092279,0.37458482,-4.761896
Shlokam - Shivah Shaktyayukto.mp3.mp3,Madhyamāvati,0.036600135,0.25629753,1795.3500447480708,1805.5178552387642,-294.3081,101.68957,-35.882942,19.912111,-28.577919,-6.577277,-23.487288,-21.030867,-10.544473,-14.067673,-8.027414,-6.8751454,-8.851326,-5.7993174,1.6516058,-1.5477271,-15.878749,2.4514713,-7.254389
Velum Mayilume.mp3.mp3,Sucaritra,0.04003148,0.25697187,1721.7360004349935,1814.1225945708818,-301.1942,94.69075,-22.705421,18.444166,-13.719586,-6.568313,-18.92099,-17.631828,-11.831944,-6.9408774,-8.19697,-4.1176786,-2.7410884,-0.94466513,1.8045405,1.3482946,-7.45403,0.4844348,-2.7878816
Ghandhamu Poyyaruga.mp3.mp3,Puṇṇāgavarāḷi,0.08912473,0.30260321,1230.88352748275,1436.8662822565018,-208.34592,148.2372,-30.794722,30.416018,-1.741515,4.702987,-13.179806,6.155761,-16.403854,-13.018243,-6.775864,-8.710366,-3.30545,-2.9531753,-9.681926,0.60568166,5.3736486,-2.811,-8.394829
Koluvaiyunnade.mp3.mp3,Dēvagāndhāri,0.103642486,0.3000179,1713.592962183507,1858.6959955519949,-162.7848,115.19867,-30.022427,26.685394,-8.149086,-8.148117,-11.341013,-13.510205,-20.843143,0.2131628,-13.589633,4.8644695,-6.383437,-0.8727052,0.8885997,-7.333628,-7.952926,0.89853525,-9.910685
Paramatmudu.mp3.mp3,Vāgadīśvari,0.07984697,0.24726239,1753.7788560325312,1874.2176623342616,-218.08392,104.588135,-29.191006,21.759012,-16.548105,-7.47121,-15.100973,-14.1741905,-21.805986,-2.4708986,-14.683531,2.7774775,-4.7260685,-1.5721344,1.2318717,-9.967346,-5.750509,0.7843466,-8.369695
Paraloka Bhaya.mp3.mp3,Mandāri,0.09885464,0.28807566,1721.7637822075192,1871.4433142893567,-172.25436,113.648445,-29.580809,23.379007,-11.479747,-6.0688357,-14.601364,-12.453141,-18.889637,0.87540185,-12.264607,5.58024,-6.8104463,-1.1216942,-0.99295086,-10.387245,-8.17574,1.7501892,-10.705907
Dudukugala.mp3.mp3,Gauḷa,0.08797461,0.2773899,1685.6524624729623,1844.1492115036401,-186.75583,115.748634,-26.371588,26.591137,-12.706842,-7.5871224,-11.295208,-11.730024,-21.831245,-2.6480057,-12.1366625,5.247782,-5.198512,-1.3618401,1.8256125,-7.245064,-8.838984,0.8728812,-8.650228
Telisi Rama.mp3.mp3,Pūrṇacandrika,0.09605627,0.32432058,1620.6740397015114,1811.6920393431653,-167.6096,122.29251,-30.126566,23.75299,-8.127983,-7.1776037,-12.891523,-14.571874,-20.315063,-0.23892231,-9.742201,4.059275,-8.874024,-1.1457727,-1.6011466,-7.101205,-8.441771,0.44934782,-8.667571
Eramuni.mp3.mp3,Vakuḷābharaṇaṁ,0.07527578,0.280508,1706.0314529833852,1825.0376840223942,-216.03508,110.6992,-30.17469,23.318842,-11.889935,-6.8002844,-13.086303,-14.019558,-20.011835,-3.9435608,-12.42515,2.5527458,-6.770581,-2.56398,0.2991076,-8.833395,-6.299665,-0.3627437,-7.947835
Mangalam Avanisutanatha.mp3.mp3,Nādanāmakriya,0.103178404,0.27625328,1336.0778568475127,1484.170311848598,-195.88678,142.01248,-36.931835,36.460037,-3.7756107,3.586001,-17.138107,9.240717,-15.658906,-10.054449,-8.102719,-11.550424,-6.8416715,-3.3576396,-11.242368,1.1537347,4.837384,-3.3576865,-5.2836742
Rama Namam Bhajare.mp3.mp3,Madhyamāvati,0.09039259,0.3177986,1569.0128739330228,1770.1401567791788,-176.8165,124.96244,-31.145248,23.284973,-6.94321,-8.276304,-13.237198,-13.937833,-17.960485,-1.9807345,-10.980032,4.163536,-6.386902,-0.7555153,-1.9180864,-6.9457107,-7.9423976,-0.19274269,-9.874185
Shobillu Saptasvara.mp3.mp3,Jaganmōhini,0.0927794,0.30074513,1798.9770769335364,1945.6328052367362,-171.95677,110.91103,-25.95078,21.788782,-12.905263,-6.4019265,-12.778581,-12.103299,-20.54937,2.3814287,-10.97364,5.3666053,-6.5854754,-0.7551023,1.0961765,-9.549041,-8.116895,2.4868956,-10.26938
Sundari Nee Divya.mp3.mp3,Kalyāṇi,0.06912442,0.2735258,1745.1186756629563,1836.4559970297153,-224.32774,107.517426,-31.918936,17.696089,-17.725897,-6.69952,-15.945361,-17.327124,-20.339254,-5.28965,-14.023789,1.5500085,-7.0176997,-2.256351,-1.2501582,-10.371851,-4.9396944,0.4424566,-7.6809254
Sanjay Subrahmanyan - Vanajakshi - Varnam.mp3,Kalyāṇi,0.040818993,0.28038877,2012.8246617423463,2260.8126894303823,-233.3199,100.24028,-12.250059,11.206452,-7.844291,9.143874,-16.501377,-10.834577,-7.0807505,-9.264856,-1.6023803,0.52638584,-8.816498,2.36214,-7.411465,-2.6956406,-5.0122514,-0.6325626,-3.0933406
Sanjay Subrahmanyan - Innamum Oru thalam.mp3,Behāg,0.039354485,0.2520841,2031.1003407978678,2268.754440335596,-251.14655,94.64232,-12.631934,17.07073,-5.4686236,9.079018,-11.9433365,-9.714492,-8.709948,-6.296063,-3.113661,0.9857754,-7.0171585,-0.08967223,-7.189047,-0.72402877,-3.0973868,2.961212,-1.2850686
Sanjay Subrahmanyan - Nadopasana.mp3,Bēgaḍa,0.043636013,0.25727603,1982.464402493476,2254.5802631633355,-238.31926,99.600044,-10.830403,10.16066,-10.846027,10.437466,-14.47063,-10.396078,-9.232543,-9.089257,-1.0805918,-0.74421793,-9.197327,0.8760105,-8.985671,-4.05103,-3.648475,-1.1286418,-3.446674
Sanjay Subrahmanyan - Ganta mani aadudhu.mp3,Kānaḍa,0.02926516,0.27229437,2057.047095834298,2279.6961579690424,-286.62262,93.95433,-11.097784,17.03918,-2.3642461,9.051732,-14.757675,-9.975756,-6.5434694,-9.059441,-0.46606472,-0.46152186,-7.021649,0.59760433,-5.8369136,-2.45569,-2.7472336,-0.42713687,-3.6178203
Sanjay Subrahmanyan - Janani.mp3,Rītigauḷa,0.031807773,0.2402136,1884.299007649517,2114.6645813881073,-293.57706,98.20804,-14.926785,11.817615,-9.460649,8.516435,-12.051407,-10.848154,-10.239424,-7.399699,-0.1564298,-1.729361,-5.120326,0.44655883,-7.806327,-4.165376,-2.865446,-0.4433731,-2.6219563
Sanjay Subrahmanyan - Oorilen Kaani Illai.mp3,Behāg,0.026825858,0.23001349,2271.3752762288022,2279.5189183729694,-309.5334,72.14374,-24.312357,12.063697,-14.573011,3.734125,-21.173452,-13.091302,-13.333535,-14.163581,-0.62191814,-1.5861658,-5.9646864,1.4773747,-6.9996653,-5.7430415,-3.5124123,-1.6594737,-8.065553
Sanjay Subrahmanyan - Ramakrishnaru Manaegae.mp3,Tillāng,0.038320538,0.26233095,2076.60970253854,2258.839405331138,-252.44398,93.163826,-15.420746,13.958457,-9.312779,6.813184,-16.060684,-10.146932,-8.53868,-7.221837,-0.83789283,1.5371509,-7.445805,0.9641563,-6.540918,-1.995567,-3.5597057,0.36352187,-3.0633163
Sanjay Subrahmanyan - Uppum karpuramum.mp3,Kānaḍa,0.025003321,0.223292,2053.18477467386,2261.713522822686,-331.49268,80.5359,-14.1154585,11.333516,-15.960638,7.0439906,-14.60435,-11.873851,-13.062713,-10.355715,-1.5044519,-2.2303,-8.314642,-3.6751058,-8.724318,-4.962946,-2.128599,1.8840591,-6.03495
Sanjay Subrahmanyan - Chalamelara Saketha Rama.mp3,Mārgahindōḷaṁ,0.043592077,0.27378616,1987.667431487938,2276.6622719290986,-227.01178,102.98609,-10.158782,9.226509,-8.677074,10.421787,-11.485722,-10.315868,-9.000022,-6.8588495,-1.9375613,0.73217845,-9.772293,0.41120857,-7.9425592,-2.0562806,-5.217213,-1.5555696,-4.5453434
Sanjay Subrahmanyan - Kalilo Hari Smrana.mp3,Kāpi,0.048652828,0.28883874,2069.6816436174267,2281.491508426959,-206.42671,99.62819,-11.816588,14.668933,-9.751862,11.4467125,-12.880413,-8.989324,-7.699491,-6.83638,1.6968929,1.8344339,-9.312621,0.5355095,-8.342444,-2.0318332,-4.4475226,-2.7800236,-4.3929477
Sanjay Subrahmanyan - Ninnaiye rathi.mp3,Bāgēśrī,0.029442832,0.24792668,2132.285384777534,2309.773096243635,-276.282,89.06111,-11.561521,18.486055,-3.2050445,9.007966,-14.938739,-8.793751,-6.6196485,-9.690906,0.10064235,-0.6805729,-5.6850667,1.3618032,-6.4101205,-2.1901655,-2.133192,0.06646926,-1.9616387
Sanjay Subrahmanyan - Mangalam.mp3,Saurāṣtraṁ,0.036938775,0.31569934,2175.7716132015908,2318.1652196655245,-234.73364,93.16196,-14.0199,12.59884,-9.333716,12.376594,-13.4549055,-5.6098247,-5.195487,-6.9805517,-0.1243185,0.9409722,-9.028562,3.0106626,-4.9455447,-1.7393469,-2.9526346,-2.0547938,-4.562022
Sanjay Subrahmanyan - Deenarakshaka.mp3,Āhiri,0.028395794,0.23671952,2076.624766308349,2238.1354024927496,-302.68317,84.34592,-17.0438,10.599792,-8.3779,6.406376,-16.24027,-12.641654,-9.868772,-8.871966,0.27347165,-2.0978606,-4.0445614,2.0351155,-6.7591515,-4.7918572,-3.1127734,-0.9450791,-4.263116
Sanjay Subrahmanyan - O Rangashayee.mp3,Kāṁbhōji,0.032712873,0.26762897,1964.093832311799,2144.071773855981,-287.38037,91.05089,-15.752617,7.4695716,-9.020395,5.3538523,-12.462159,-11.554695,-8.779606,-8.23274,0.12943952,-0.9589088,-5.3497295,-0.28689265,-6.2290626,-3.143844,-0.33051136,0.44645828,-1.6499316
Sanjay Subrahmanyan - Sama geeta priyan.mp3,Gauḷa,0.038454566,0.2792481,1953.1830475487025,2228.476644925577,-240.88861,103.89778,-11.746214,10.425306,-7.238885,8.172878,-10.653433,-9.377029,-8.138839,-8.337887,-4.304596,1.23038,-5.1502256,-0.15340659,-8.205713,-3.7734478,-3.719429,-0.61065006,-4.161403
Sanjay Subrahmanyan - Karupuram Naarumo.mp3,Kamās,0.036882047,0.26538715,2099.4881618716945,2280.4795752773175,-249.55112,92.66341,-13.265656,11.251698,-10.945011,10.8252535,-11.957235,-9.1197195,-9.5222645,-6.5630717,1.9198065,0.119271144,-7.9598775,2.4311373,-5.705569,-2.6580002,-2.761604,0.19257218,-3.6945274
Sanjay Subrahmanyan - Va vela va.mp3,Tanarūpi,0.027667731,0.2399307,2095.646029691694,2254.5783577914567,-305.61374,86.05687,-16.12793,8.419148,-12.01838,9.269656,-13.271462,-12.210546,-12.303161,-7.773313,1.3352451,-1.6270632,-5.2617073,3.003911,-6.720743,-2.7124293,-2.9486895,-1.5633805,-5.6598997
Arul Seya Vendum Ayya.mp3.mp3,Rasikapriya,0.07131825,0.23649906,1602.391079965,1757.6626571023276,-277.5114,95.35318,-18.78618,22.337921,-9.605187,-10.820974,-10.20834,-8.51888,-14.297049,-7.2268977,-3.2665558,0.8658012,1.1261537,-6.601443,-8.6915045,1.2466989,-10.897739,-3.21262,0.2043007
Kaalaharanamelara.mp3.mp3,Śuddadhanyāsi,0.110602014,0.29586586,1434.719640706227,1824.149719954739,-213.77394,117.865364,-5.7148004,32.707375,-0.65367246,3.4792376,-8.453804,-3.7623029,-17.099417,-5.2181787,-1.425979,2.3102596,1.1456635,-3.3121977,-4.906999,3.1188293,-9.941763,-3.4520993,-0.9402319
Brochevarevarura.mp3.mp3,Kamās,0.087517306,0.25613153,1534.9203514148408,1875.573997227441,-224.2722,111.56474,-12.825813,27.062761,-3.983467,-0.8659149,-14.748525,-6.005126,-17.10449,-5.366972,-0.98143387,1.5125738,-1.2351689,-2.1568637,-6.660155,1.3505782,-13.203212,-1.9104575,-0.8136621
Thappi Bratikipova.mp3.mp3,Tōḍi,0.06798392,0.26097628,1597.2628846668704,1754.592974384275,-278.708,93.874626,-17.191282,19.165901,-7.7928796,-8.519127,-9.300754,-8.3253975,-13.134035,-7.668391,-2.9429438,2.3916907,1.6237875,-3.958652,-5.719433,0.6377925,-9.019795,-3.4510856,-1.5941974
Krishna Nee Begane Baaro.mp3.mp3,Yamuna kalyāṇi,0.10405905,0.23163305,1449.8417168080944,1840.4724814032697,-227.6531,112.04994,-6.9124746,29.362526,-6.444211,1.8815005,-14.395281,-7.1160245,-19.331808,-6.6488347,-3.0895,-2.7141252,-2.060164,-1.7690248,-8.4301405,1.8892443,-9.063635,-1.0337197,1.6508632
Kari Kalabha Mukham.mp3.mp3,Sāvēri,0.110035755,0.2636573,1391.945102618827,1745.0278961124268,-223.71455,115.98111,-12.746281,30.793007,3.1983585,-1.8862143,-10.558154,-5.2384205,-13.897372,-6.8937654,-3.243116,1.4890476,-3.4203393,-5.4838014,-6.560494,3.0472605,-12.344682,-3.8285518,-1.2934366
Muruga Muruga Muruga.mp3.mp3,Rāgamālika,0.07456796,0.28260586,1917.4021627853915,2036.2880126550688,-203.57623,94.2608,-19.23334,30.64322,-11.068043,1.1582484,-17.15104,-11.224264,-20.43964,-2.1643944,-15.535096,-1.1022439,-6.563865,-9.383547,2.1693056,-4.905983,-11.401077,7.3679633,-10.280057
Chenduril Nindradum Kanda.mp3.mp3,Mānḍu,0.07256581,0.27187267,2037.5929902969146,2135.099046536486,-203.58188,88.53189,-16.59924,25.726223,-13.136652,5.136168,-16.278986,-10.679802,-21.160387,-0.10275416,-13.422768,-2.6097815,-9.023319,-6.7123313,0.9395826,-3.6359446,-10.957792,7.2356668,-7.920824
Ninne Bhajana.mp3.mp3,Nāṭa,0.055899587,0.28690132,2063.1823918585965,2071.5401998163265,-220.19891,89.790535,-27.950253,27.199656,-12.992107,0.25667793,-21.765709,-11.38932,-18.507025,-4.147894,-14.424361,0.92751604,-4.118673,-10.666053,-1.0855026,-4.224476,-13.122964,8.26421,-4.4756646
Nera Nammiti.mp3.mp3,Kānaḍa,0.07121405,0.31526107,2067.3756064620784,2013.5552968282982,-179.54512,92.62168,-32.905945,30.425919,-13.666811,-3.5727575,-22.609434,-9.4569845,-15.903148,-1.5799739,-13.184401,2.8144646,-3.622645,-7.701626,0.6944606,-1.2644117,-15.205032,7.167285,-7.0314603
Dinamani Vamsa.mp3.mp3,Harikāmbhōji,0.05819389,0.27135143,2207.345975005855,2114.461851370043,-227.2075,75.79368,-31.24721,24.743639,-17.945534,-2.597283,-21.68815,-11.341621,-18.07144,-5.368602,-13.898782,-2.5010688,-5.153567,-7.163387,-1.77066,-4.3424044,-13.592214,7.36655,-5.439921
Chakkani Raja.mp3.mp3,Karaharapriya,0.056547634,0.26568776,1948.517229604812,2010.551919213216,-257.74643,84.46578,-22.177181,21.462387,-10.540672,-3.5499701,-19.622889,-13.749841,-18.088808,-7.6647615,-15.048691,-3.0423677,-3.8299806,-8.896729,0.33770108,-3.1342597,-8.407005,3.9414308,-6.701701
Ardhanareeshwaram.mp3.mp3,Kumudakriyā,0.054391492,0.25519255,2082.0107632295503,2088.338648584583,-254.60234,76.848526,-28.366312,19.69564,-14.720271,-3.6762242,-20.090471,-15.390727,-20.467941,-6.3010974,-13.263462,-3.8692236,-4.9518695,-9.73979,-1.3456732,-4.1154947,-10.617866,5.0759845,-7.2133455
Pavamana Suthudu Pattu.mp3.mp3,Saurāṣtraṁ,0.09208013,0.32392013,1800.4034951998308,2039.4205741994804,-178.93616,105.25146,-12.193298,30.935879,-9.667331,5.310199,-14.786629,-10.324191,-16.664364,-2.3693707,-14.501924,2.8525577,-7.5350604,-9.368584,3.7129772,-3.4120095,-11.354338,6.8610835,-8.542774
Shloka.mp3.mp3,Mōhanaṁ,0.024661768,0.23421928,2100.887833801019,2115.878309091815,-337.91336,78.950874,-30.53451,34.095795,-6.463299,-0.17172135,-12.588055,-11.349707,-25.04286,-15.563589,-23.771162,-2.4874187,-4.7414527,-12.322662,-1.2929517,-2.6123405,-14.317338,8.249475,-6.4595
Aaniraimekkani.mp3.mp3,Rāgamālika,0.05051554,0.25242758,1455.7337931987688,1406.4091269383202,-283.17792,118.91908,-59.883503,24.648312,0.4212774,-5.624784,-24.24717,-8.442977,-28.343332,-9.683726,-12.409053,-10.687334,-10.881822,-15.335124,-5.624108,-11.179666,0.4428581,-12.730216,-6.7034845
Vanajaksha Ninne Kori.mp3.mp3,Rītigauḷa,0.07316466,0.29100454,1885.4835997182427,1992.948973278566,-215.4848,95.447845,-20.033974,38.462845,-14.997294,-15.033977,-9.286012,-15.644052,-6.3788,-10.136893,-6.7848096,-0.69580024,-7.3161554,-1.009717,-3.4635382,-6.163108,-4.457846,-5.250213,-10.594911
Karuninchutakidi.mp3.mp3,Sindhumandāri,0.10561427,0.3404516,1233.1802141031735,1467.963381448679,-203.73247,138.72385,-24.942535,35.677753,9.397682,11.034611,-9.554032,5.952872,-18.872643,-0.29247588,-6.1413164,-6.158442,-2.434973,-5.6198335,-1.8321154,-8.59453,6.718209,-7.353256,-3.9179516
Va Va Brindavana.mp3.mp3,Sindhubhairavi,0.09006687,0.3216417,1205.7753236391163,1410.3126180223649,-218.49588,138.55269,-25.074848,32.402363,10.798743,4.8127646,-5.82584,5.841315,-17.614275,-2.9320738,-4.8026075,-6.2518196,-4.0467644,-7.8526864,-4.4599595,-8.031073,3.206042,-8.528163,-5.177914
Mati Matiki.mp3.mp3,Mōhanaṁ,0.061213925,0.30222827,1210.944406841567,1291.1712196454991,-273.58148,123.41653,-21.862839,24.076668,12.744465,-2.9435353,-9.416732,-5.412084,-13.129014,-8.191168,-6.890897,-6.636917,-7.9140067,-8.422902,-2.5637214,-4.563119,-0.6913431,-5.2186694,-3.9461288
Sri Guru Na Palitosmi.mp3.mp3,Pāḍi,0.08134241,0.29746217,1273.3336721454841,1439.555968169783,-227.62485,138.3053,-30.874302,37.171913,7.302122,7.0417557,-12.192837,5.3929377,-18.506538,-3.3189812,-5.740691,-6.99523,-5.252288,-8.884513,-2.1406233,-7.525447,4.045057,-6.69935,-3.7017906
Thoomani Madatthu.mp3.mp3,Hamīr kaḷyaṇi,0.07639587,0.30042103,1276.0582822061385,1408.0738989755698,-230.41618,135.20776,-33.08055,33.570644,9.632829,3.6627398,-10.846667,1.9546009,-18.389032,-5.527198,-6.18362,-6.7394643,-5.127051,-8.191932,-3.2162855,-8.110406,3.171504,-6.9320455,-4.6047087
Ramabhi Rama Manasu.mp3.mp3,Dhanyāsi,0.06399465,0.29219428,1350.0710349521523,1388.4296579768907,-255.88058,120.765526,-32.200573,25.723602,9.683288,-3.4382854,-12.876267,-4.668676,-17.16121,-9.08048,-7.397029,-6.7881494,-7.25599,-6.561399,-1.9204161,-7.670019,1.570998,-4.957422,-4.8758636
Mangalam Kosalendraya.mp3.mp3,Suraṭi,0.039180525,0.23601088,1253.0505095347246,1360.6031542834653,-329.11096,135.45888,-47.56767,29.36067,1.4005294,0.04792315,-17.680607,-4.320163,-25.201775,-11.885884,-17.19021,-11.317805,-9.4227495,-12.45549,-4.93869,-13.719903,1.0237705,-10.359153,-7.233414
Sri Vidhya Rajagopala.mp3.mp3,Jaganmōhini,0.08616719,0.28412226,1305.8278477605006,1511.318535484385,-233.08618,125.13178,-25.519901,36.089836,10.049605,7.216213,-10.89168,6.1929345,-17.4623,-2.6540985,-7.672438,-7.8726892,-4.0252333,-6.902144,-1.9018772,-8.578962,4.1000457,-8.061929,-5.6076784
Parvathi Ninu Ne Nera Nammithi.mp3.mp3,Kalgaḍa,0.078504264,0.2857244,1583.4930607748984,1541.9491412618179,-213.67778,128.80064,-45.742687,44.473743,2.1157959,4.187647,-14.407885,9.866711,-20.139734,2.1616416,-9.095988,-11.200114,0.78528625,-4.701333,-5.9942,1.7561653,3.898791,-7.006574,0.12083852
Nee Sari evvaramma.mp3.mp3,Bhairavi,0.055016074,0.2870146,1436.8621573093822,1399.558285362705,-271.21637,125.9654,-40.738102,25.063822,1.2489638,-4.4202332,-13.579028,0.5581078,-17.443775,-7.9694433,-7.486342,-10.427169,-1.2667321,-3.5172923,-3.8974407,0.008548884,1.3899536,-4.7506723,-0.7859704
Jaya Jaya Janaki Kantha.mp3.mp3,Nāṭa,0.078206785,0.32019687,1563.20105363097,1522.3483934855176,-207.97948,131.28984,-47.93175,39.44907,-1.9965423,1.765282,-16.518112,4.044944,-22.558432,0.3109057,-7.2081757,-9.183407,1.8603094,-7.6038747,-7.810938,1.9882396,2.1954138,-8.522392,-0.48389438
Santhamu leka Sowkyamu ledu.mp3.mp3,Sāma,0.075700335,0.30173758,1561.9331217078068,1530.6170469617039,-212.88812,130.5167,-45.856293,38.86733,1.4653379,-1.9354012,-19.7584,7.7582307,-24.309208,2.62732,-7.853582,-10.477148,0.94779783,-5.267193,-6.8994427,2.1347132,2.823312,-9.534527,-0.85559934
Sarasuda Ninne Kori.mp3.mp3,Sāvēri,0.08033546,0.32116354,1540.9097400388769,1501.260937373552,-202.86954,131.60461,-48.161896,41.609203,0.7700492,-0.5165467,-16.697016,4.5690107,-19.987675,-0.67498314,-6.699918,-9.613259,0.6557051,-6.310834,-6.7061934,1.2431514,1.8667306,-9.885832,-3.069521
Gnanamosaga Rada.mp3.mp3,Gamakakriyā,0.052811068,0.27770123,1573.7784290100342,1449.8566774145202,-269.53156,116.59467,-47.78564,25.629816,-2.7238207,-9.140933,-14.82004,-0.45027465,-19.683548,-9.503135,-7.296104,-10.725444,-2.54953,-4.9335647,-6.153923,-1.4966395,0.96395063,-6.56891,-1.3579975
Nenindal Agaadadu undo.mp3.mp3,Jōnpuri,0.07834886,0.29073247,1538.299279586511,1525.6285427909427,-211.60599,130.94139,-42.881348,40.524338,-2.780754,3.2134464,-17.959206,11.436461,-21.230503,-0.97459936,-4.4128294,-8.431529,0.24370608,-4.1059284,-4.728271,-0.42112637,2.017233,-6.304626,-0.85702926
Sri Dundurge Siva Samsaare.mp3.mp3,Śrīranjani,0.07716095,0.35345817,1034.670326206414,1034.743357236648,-237.71562,174.49657,-42.450527,21.71796,16.48663,18.70412,4.5785995,-9.061077,11.8493395,-16.23419,-6.1437397,8.201941,-9.836906,-8.983844,-5.240182,1.9108101,-6.0990005,-9.481941,0.33908865
Rithvik Raja - Madhava Mamava.mp3,Nīlāṁbari,0.011843421,0.31786445,2089.2028150709643,2212.5908566159083,-337.6304,98.58376,-18.852148,19.952888,-10.831829,6.9090137,-10.738083,-3.0821698,1.3314681,-0.9964254,-0.8265516,0.15770026,-6.9036865,4.205674,-4.1925917,-0.68203044,-0.57318413,-2.4215782,-7.1699204
Rithvik Raja - Ramachandraya Mangalam.mp3,Navrōj,0.012941787,0.35576954,1722.740524171711,1835.6437840575763,-341.94882,129.6508,-35.651573,41.141502,-17.276627,19.398989,-14.210421,8.192237,-20.105274,12.498849,-15.581465,10.197555,-1.5562128,2.5184057,-8.302227,1.5399339,-2.4245963,-5.9661193,4.2200212
Rithvik Raja - Sapasyat Kausalya.mp3,Jōnpuri,0.016841006,0.31125546,2316.436152491466,2339.438476157469,-296.00204,89.994675,-16.457928,16.10997,-8.743136,6.2582293,-11.61139,-3.0779006,-0.8160734,-1.3547373,-0.34045655,-0.5556864,-6.047977,4.3905215,-7.5728006,1.5911907,-3.7056262,-6.325148,-8.8447485
Rithvik Raja - Seetapati Namanasuna.mp3,Kamās,0.013140246,0.31110573,2200.6010091756066,2227.8819609543834,-332.47568,91.843834,-18.065563,25.505009,-10.734012,5.7369943,-6.722964,-4.7613945,-1.8557091,-2.8796692,-0.54502136,-1.5405205,-8.219905,5.789253,-1.2644639,1.5733783,-0.6161378,-5.847286,-7.412286
Rithvik Raja - Karunimpa Idi.mp3,Sahānā,0.015749188,0.3236206,2166.570432335678,2167.7071973695033,-319.87802,94.94538,-20.11406,30.14107,-15.083828,1.7186033,-4.2710657,-11.791825,-0.46706244,-3.9107296,-1.0729635,1.1662138,-11.534738,4.81622,-3.276886,-5.530786,0.81735545,-6.7367315,-6.801501
Rithvik Raja - Endaro Mahanubhavulu.mp3,Śrī,0.01472578,0.31627765,1995.4160061688713,2084.0745590621063,-335.40335,104.060905,-20.064814,30.08529,-13.460744,3.07905,-6.4653463,-11.585894,-1.2418741,-2.4039998,-2.0905666,1.8435198,-10.031705,1.7724506,-3.7825358,-5.4944153,0.99381346,-3.5041516,-10.30981
Rithvik Raja - Bhogeendra Shayinam.mp3,Kuntalavarāḷi,0.015209996,0.3138762,2163.21736346319,2240.6515883362945,-320.312,94.220856,-17.252838,21.506138,-10.3603735,4.8540673,-8.415022,-3.7700503,-1.0019829,-2.9645414,-0.8155496,-1.3381488,-7.8306594,5.530525,-2.7883995,-0.43713,-0.28200087,-5.493887,-8.1536875
Rithvik Raja - Thillana Senchurutti.mp3,Sencuruṭṭi,0.018948236,0.33379132,2259.34211013644,2292.1510723419183,-287.30722,90.60216,-18.97128,20.922838,-9.16448,1.4446833,-9.585511,-3.1651149,0.79035723,-2.65491,-1.857989,-2.8729198,-8.852132,5.2478642,-5.1933494,-1.9595985,-1.2715799,-5.807414,-8.220113
Rithvik Raja - Chintayama Kanda.mp3,Bhairavi,0.0116486,0.3036294,2065.293255626699,2123.76665113095,-356.41678,97.46739,-21.580305,27.128277,-10.263153,4.9904113,-9.082687,-7.0317264,-1.7308224,-2.3061328,0.6544066,-0.7372779,-7.028647,4.650454,-2.386553,-0.018448727,1.883242,-3.8300862,-7.766009
Rithvik Raja - Emani Migula.mp3,Tōḍi,0.0077415043,0.27286428,2167.0829914987617,2155.876067489681,-416.39337,84.2026,-21.914206,25.53714,-15.585503,2.5621402,-13.558112,-9.298752,-4.68167,-5.638192,-0.858638,-0.7575901,-5.1895766,4.96299,-2.6690416,1.7021613,3.0010047,-2.904886,-6.570334
Rithvik Raja - Saraguna Palimpa.mp3,Kēdāragauḷa,0.009372,0.31345493,2121.9308304361216,2139.7612506182318,-388.47598,89.71562,-19.820337,23.957203,-8.430818,5.626396,-11.561529,-4.596885,-2.1891549,-3.5772865,1.3342091,1.1252674,-3.4150681,4.5453954,-1.7157816,0.28418106,1.037907,-1.5467086,-5.0213428
Nadatanum Anisham.mp3.mp3,Cittaranjani,0.05247031,0.30651906,1186.5486480435088,1332.3865156499457,-294.66803,135.90091,-20.415949,25.790733,13.529633,2.9497972,-9.133868,5.6114573,-12.441722,-12.278526,-7.0208,-7.020825,0.76170707,-4.9496474,-3.106295,-7.5594873,3.8349924,-0.9882353,-6.893452
Seethamma.mp3.mp3,Vasanta,0.06309674,0.3354997,1267.5345846270222,1357.675372140206,-245.60008,145.78767,-34.268913,31.94351,2.847679,6.7366786,-8.522134,6.7691193,-14.651108,-11.087486,-10.194162,-9.008891,0.9191961,-6.155565,-3.658354,-11.052789,5.052728,-6.3154283,-8.71424
Janakipathe Jaya Karunya Jaladhe.mp3.mp3,Karaharapriya,0.051066387,0.30795476,1324.659865892959,1273.555921003647,-272.26886,131.82054,-38.787186,15.992069,5.2890177,-6.510034,-6.640033,-1.8637565,-18.24509,-13.004304,-9.613526,-9.359763,-3.104491,-6.1018777,-3.6132247,-7.5222187,1.4045073,-5.7091208,-7.9637737
Eppadi Padinaro.mp3.mp3,Karṇāṭaka dēvagāndhāri,0.06037033,0.32518044,1222.2817802069753,1326.5448419133709,-256.60913,136.88303,-25.801882,22.891588,6.7021284,3.261467,-4.145511,3.9359238,-12.376631,-12.085446,-8.97394,-8.693586,-2.8191967,-4.9087043,-3.8850818,-9.728227,3.2553422,-2.5208173,-6.166515
Manasaramathi.mp3.mp3,Sārāmati,0.042956673,0.29303855,1377.285359365646,1309.0272359767996,-288.30002,130.89688,-41.825687,18.253754,3.3032694,-9.070786,-11.202813,-2.7914102,-20.747728,-13.4737425,-10.571093,-11.528658,-2.6911933,-5.8065467,-4.126499,-9.216245,1.5900161,-6.7930703,-9.655214
Bhavamulona.mp3.mp3,Śuddadhanyāsi,0.07104724,0.3227395,1329.2662872839896,1376.3760189730099,-229.69196,142.35655,-37.828243,29.382309,3.2217774,0.23097552,-13.228012,5.2049847,-18.828066,-11.291312,-10.083151,-11.300247,-0.36055487,-8.3283615,-2.101851,-9.639237,4.6459036,-4.310838,-8.731735
Ardhanarishwaram.mp3.mp3,Kumudakriyā,0.0646847,0.30664897,1311.626495747473,1343.3052037650443,-247.73187,143.48128,-41.723198,27.619585,5.4797907,-2.210495,-14.595614,5.123172,-20.378609,-11.777816,-10.232466,-11.043399,0.5502541,-9.865097,-5.0623517,-11.713925,5.1124516,-4.329879,-10.91336
Chaitra Sairam - Shri Subramanyaya Namaste.mp3,Kāṁbhōji,0.024594449,0.27872357,1331.3554546580037,1405.5815557618705,-349.89264,115.24346,-20.391293,15.361843,2.7783577,-2.584368,-4.7495823,-3.337021,-13.524567,-6.4481134,-1.2831435,-9.008556,-8.771944,-2.6394958,0.40889537,-2.9739566,-0.18870549,-4.26749,-2.4246452
Chaitra Sairam - Mamava Pattabhi Rama.mp3,Maṇirangu,0.034329437,0.24211395,1872.2377059880564,2001.3626894533877,-308.62125,93.606415,-22.304861,19.661203,-11.355802,-8.33837,-8.424387,-13.325599,-4.2758136,-5.088209,-16.678905,2.7549672,-9.670576,-8.100647,-6.14364,-2.7299342,-1.6599561,-1.7197809,-1.2957559
Chaitra Sairam - Kamalamba Samrakshatu.mp3,Ānandabhairavi,0.023091072,0.26409182,1392.2879930850395,1470.397347499149,-362.03473,118.515175,-28.386446,23.431013,1.4644345,-1.2667636,-10.002394,-0.73084,-15.5609255,-7.244323,-2.9709523,-9.799957,-8.978544,-2.3931334,1.7879304,-4.7905054,3.3029869,-4.918787,-2.940038
Chaitra Sairam - Govardhana Girisham.mp3,Hindōḷaṁ,0.026643334,0.23548718,2020.6222422500896,1991.7163789003253,-336.58188,83.65437,-25.219477,21.902655,-14.914895,-7.380991,-10.855222,-16.407104,-7.1832275,-5.3068113,-8.069348,2.2671056,-10.510734,-7.8632646,-4.7745886,-2.697034,1.4276336,4.0932174,3.670522
Chaitra Sairam - Anandaamrutakarshini.mp3,Amṛtavarṣiṇi,0.033316627,0.28083283,1353.803488845848,1496.0827624414605,-309.72,131.00912,-28.881063,30.416729,-3.651279,5.367839,-9.697599,2.4497006,-14.321865,-6.300635,-2.7230008,-9.428747,-7.768501,-5.1930947,-0.8304878,-7.509345,2.0345984,-7.2009645,-2.6598814
Chaitra Sairam - Rakta Ganapatim.mp3,Mōhanaṁ,0.02941429,0.28361204,1331.56158785786,1436.0648838738289,-331.0604,131.5796,-31.45156,27.90769,-2.5031679,3.4373646,-10.479336,0.8989864,-16.941483,-9.252572,-2.595411,-8.649222,-7.5450997,-3.7696202,0.77609354,-5.7292466,1.8889802,-8.4460335,-3.3904653
